Fund Name,P1,P2,P3,P4,P5,Topsis Score,Rank
M1,0.67,0.45,6.5,42.6,12.56,0.13556953380451262,5
M2,0.6,0.36,3.6,53.3,14.47,0.4455442401243606,3
M3,0.82,0.67,3.8,63.1,17.1,0.8318893313507263,1
M4,0.6,0.36,3.5,69.2,18.42,0.6388395583448613,2
M5,0.76,0.58,4.8,43.0,12.29,0.36325494789221463,4
